[{"model": "lib.category", "pk": 1, "fields": {"name": "Adabiyotlar", "name_uz": "Adabiyotlar", "name_en": "Books", "name_ru": "Книги"}}, {"model": "lib.category", "pk": 2, "fields": {"name": "Jurnallar", "name_uz": "Jurnallar", "name_en": "Magazines", "name_ru": "Журналы"}}, {"model": "lib.category", "pk": 3, "fields": {"name": "Dissertatsiyalar", "name_uz": "Dissertatsiyalar", "name_en": "Dissertations", "name_ru": "Диссертации"}}, {"model": "lib.category", "pk": 4, "fields": {"name": "Monografiyalar", "name_uz": "Monografiyalar", "name_en": "Monographs", "name_ru": "Монографии"}}, {"model": "lib.university", "pk": 1, "fields": {"name": "TATU", "about": "fsdaaaaakjhsdgeargvsdvf", "country": "Uzbekistan", "area": "Tashkent", "phone_number": "+998933390831", "website": "http://tuit.uz", "email": "uchqunusmonov77wo@gmail.com", "address": "Toshkent"}}, {"model": "lib.resourcetype", "pk": 1, "fields": {"name": "Monografiya"}}, {"model": "lib.resourcetype", "pk": 2, "fields": {"name": "O'quv qo'llanma"}}, {"model": "lib.resourcetype", "pk": 3, "fields": {"name": "Dissertatsiya"}}, {"model": "lib.resourcetype", "pk": 4, "fields": {"name": "Darslik"}}, {"model": "lib.resourcetype", "pk": 5, "fields": {"name": "Uslubiy ko'rsatma"}}, {"model": "lib.resourcetype", "pk": 6, "fields": {"name": "Badiiy adabiyot"}}, {"model": "lib.resourcetype", "pk": 7, "fields": {"name": "Uslubiy qo'llanma"}}, {"model": "lib.resourcetype", "pk": 8, "fields": {"name": "Lug'atlar"}}, {"model": "lib.resourcetype", "pk": 9, "fields": {"name": "Ma'lumotnomalar"}}, {"model": "lib.resourcetype", "pk": 10, "fields": {"name": "Ma'ruzalar matni"}}, {"model": "lib.resourcetype", "pk": 11, "fields": {"name": "Boshqa adabiyotlar"}}, {"model": "lib.resourcearea", "pk": 1, "fields": {"name": "Fizika-matematika fanlari"}}, {"model": "lib.resourcearea", "pk": 2, "fields": {"name": "Kimyo fanlari"}}, {"model": "lib.resourcearea", "pk": 3, "fields": {"name": "Biologiya fanlari"}}, {"model": "lib.resourcearea", "pk": 4, "fields": {"name": "Geologiya-mineralogiya fanlari"}}, {"model": "lib.resourcearea", "pk": 5, "fields": {"name": "Texnika fanlari"}}, {"model": "lib.resourcearea", "pk": 6, "fields": {"name": "Qishloq xo'jaligi fanlari"}}, {"model": "lib.resourcearea", "pk": 7, "fields": {"name": "Tarix fanlari"}}, {"model": "lib.resourcearea", "pk": 8, "fields": {"name": "Iqtisodiyot fanlari"}}, {"model": "lib.resourcearea", "pk": 9, "fields": {"name": "Falsafa fanlari"}}, {"model": "lib.resourcearea", "pk": 10, "fields": {"name": "Filologiya fanlari"}}, {"model": "lib.resourcearea", "pk": 11, "fields": {"name": "Geografiya fanlari"}}, {"model": "lib.resourcearea", "pk": 12, "fields": {"name": "Yuridik fanlar"}}, {"model": "lib.resourcearea", "pk": 13, "fields": {"name": "Pedagogika fanlari"}}, {"model": "lib.resourcearea", "pk": 14, "fields": {"name": "Tibbiyot fanlari"}}, {"model": "lib.resourcearea", "pk": 15, "fields": {"name": "Farmatsevtika fanlari"}}, {"model": "lib.resourcearea", "pk": 16, "fields": {"name": "Veterinariya fanlari"}}, {"model": "lib.resourcearea", "pk": 17, "fields": {"name": "San'atshunoslik fanlari"}}, {"model": "lib.resourcearea", "pk": 18, "fields": {"name": "Arxitektura fanlari"}}, {"model": "lib.resourcearea", "pk": 19, "fields": {"name": "Psixologiya fanlari"}}, {"model": "lib.resourcearea", "pk": 20, "fields": {"name": "Sotsiologiya fanlari"}}, {"model": "lib.resourcearea", "pk": 21, "fields": {"name": "Siyosiy fanlar"}}, {"model": "lib.resourcearea", "pk": 22, "fields": {"name": "Islomshunoslik fanlari"}}, {"model": "lib.library", "pk": 1, "fields": {"name": "National Library of Uzbekistan", "address": "asdasda", "image": "images/2024/02/17/Screenshot_from_2024-02-15_11-20-33.png", "location": "https://maps.app.goo.gl/5TdUJLQ9osFSctqf9", "latitude": "41.316808", "longitude": "69.271821", "phone_number": null}}, {"model": "lib.library", "pk": 2, "fields": {"name": "S.Nasafiy nomli Qashqadaryo viloyat axborot-kutubxona markazi", "address": "casda", "image": "images/2024/02/17/Screenshot_from_2024-02-15_11-20-33_MYWU6ag.png", "location": "https://maps.app.goo.gl/kr3db3KfF2qQAND8A", "latitude": "41.316808", "longitude": "69.271821", "phone_number": null}}, {"model": "lib.library", "pk": 3, "fields": {"name": "TUIT", "address": "aa", "image": "images/2024/02/28/Screenshot_from_2024-02-28_09-58-30.png", "location": "https://maps.app.goo.gl/xcxtZimLzmuNfzSZ7", "latitude": "41.341170", "longitude": "69.286900", "phone_number": ""}}, {"model": "lib.library", "pk": 4, "fields": {"name": "minor", "address": "adasd", "image": "images/2024/03/04/Screenshot_from_2024-03-04_12-35-16.png", "location": "http://tashkent.uz", "latitude": "41.335000", "longitude": "69.275000", "phone_number": "dasdasdas"}}, {"model": "lib.book", "pk": 29, "fields": {"name": "Ma'lumotlar bazasi", "isbn": "123456", "reprint": false, "published_year": "2021", "pages": 0, "resource_area": null, "key_words": "Ma'lumotlar, ma'lumotlar bazasi, maydon, atribut, munosabat, mohiyat, mohiyat-aloqa, relyatsion, ierarxik, tarmoqlanuvchi, so'rov", "about": "O'quv qo'llanmada ma'lumotlar modellari, relyatsion model, ma'lumotlar bazasini boshqarish tizimlari, relyatsion algebra va hisob, SQL tilida ma'lumotlar bazasini yaratish, so'rovlar yaratish, cheklanishlar va tasvirlar, ma'lumotlar bazasini loyihalashtirish, CASE tizimlar, tranzaksiyalarni qayta ishlash, ma'lumotlar bazasini himoyalash, XML va multimodel ma'lumotlar bazalari yoritilgan.", "author": "R.V.Qobulov, B.B.Akbaraliyev, J.T.Usmonov, O.B.Ro'zibayev", "category": 1, "university": 1, "resource_type": 2, "publisher": "Aloqachi", "language": "Uzbek", "file": "files/2024/01/30/Malumotlar_bazasi.pdf", "image": "images/2024/01/30/photo_2024-01-30_09-03-11.jpg", "permission": "public", "download_count": 0, "library": []}}, {"model": "lib.book", "pk": 30, "fields": {"name": "Raqamli axborot xizmati", "isbn": "123457", "reprint": false, "published_year": "2020", "pages": 0, "resource_area": null, "key_words": "analog signal, axborot, raqamli axborot, raqamli axborot o'lchovlari, raqamli axborot xizmati", "about": "O'zbekistonda oxirgi yillarda kutubxona va arxiv muassasalarining faoliyatini zamonaviy axborot texnologiyalari, jumladan, axborot texnologiyalaridan foydalanib, yangi darajaga ko'tarish bo'yicha jadal ishlar olib borilmoqda. Hukumat tomonidan belgilangan maqsadlaarni zabt etishning asosiy omillaridan biri - yosh mutaxassislarni sifatli tayyorlash hisoblanadi. Xususan, talabalarga kutubxonalarda raqamli axborotlarni saqlash va qayta ishlashga doir bilimlarni berish talab etiladi. Ushbu o'quv qo'llanmada \"Raqamli axborot xizmati\" fan doirasida yaratilgan bo'lib, uning maqsadi talabalarga raqamli axborotlar turlari, xususiyatlari va ularni qayta ishlab multimedia mahsulotlari, elektron nashrlar yaratish, raqamli axborotni avtomatlashtirilgan kutubxona tizimlaridan va internetdan qidirish va foydalanuvchilarga taqdim etish, kutubxonalarda xizmat ko'rsatish jarayonida resurslarga bo'lgan mualliflik huquqlariga rioya qilish haqidagi bilimlarni berish hisoblanadi.", "author": "A.M.Xundibayev, SH.M.Muhammadjonov, O.O.Ishniyazov", "category": 1, "university": 1, "resource_type": 2, "publisher": "Aloqachi", "language": "Uzbek", "file": "files/2024/01/30/Raqamli_axborot_xizmati.pdf", "image": "images/2024/01/30/photo_2024-01-30_14-35-54.jpg", "permission": "public", "download_count": 0, "library": []}}, {"model": "lib.book", "pk": 31, "fields": {"name": "Ishlab chiqarish bosqichlarining axborot monitoringi va qaror qabul qilish usullari", "isbn": "123458", "reprint": false, "published_year": "2021", "pages": 0, "resource_area": null, "key_words": "Ishlab chiqarish, monitoring, qaror qabul qilish, sun'iy intellekt", "about": "Monografiya korxonalarining ishlab chiqarish boshqichlarini monitoring qilish hamda monitoring natijasida qaror qabul qilish usullari va algoritimlarini qurishga bag’ishlangan. Uzluksiz ishlab chiqarish boshqichlarini monitoring va qaror qabul qilishda matematik usullarni qo’llashda katta nazariy va amaliy \r\nahamiyatga ega.", "author": "H.I. Eshankulov, R.B. Murodova", "category": 4, "university": 1, "resource_type": 2, "publisher": "Buxoro", "language": "Uzbek", "file": "files/2024/01/30/Ishlab_chiqarish_bosqichlarining_axborot_monitoringi_va_qaror_qabul.pdf", "image": "images/2024/01/30/photo_2024-01-30_15-05-31.jpg", "permission": "public", "download_count": 0, "library": []}}, {"model": "lib.book", "pk": 32, "fields": {"name": "Obyektlarda axborot xavfsizligini boshqarish tizimini yaratish metodologiyasi", "isbn": "123459", "reprint": false, "published_year": "2022", "pages": 0, "resource_area": null, "key_words": "axborot xavfsizligi, axborot xavfsizligini boshqarish, metodologiya, konfidensial, himoya", "about": "Ushbu monografiyada har xil turdagi obyektlarning kompyuter tizimi va tarmoqlarida hosil bo'ladigan xavf-xatarlarni oldini olish, ruxsatsiz kirayotgan ma'lumotlarni aniqlash, obyektlarning ma'lumotlar bazasidagi axborotlarni himoyalash usullarini qo'llash, uzatilayotgan va qabul qilinayotgan xabarlarni xatosiz va aniq yetkazib berish usullarini amalga oshirish va umuman ushbu obyektning axborot xavfsizlik tizimni yaratib berish usullari va metodologiyasi taklif etilgan.", "author": "Nigmatov Xikmatulla, Raxmanov Qurbon Sodikovich", "category": 4, "university": 1, "resource_type": 2, "publisher": "Aloqachi", "language": "Uzbek", "file": "files/2024/01/30/Obyektlarda_axborot_xavfsizligini_boshqarish_tizimini_yaratish_metodologiyasi.pdf", "image": "images/2024/01/30/photo_2024-01-30_15-05-31_CmXkQct.jpg", "permission": "public", "download_count": 0, "library": []}}, {"model": "lib.book", "pk": 33, "fields": {"name": "Ontologiyalar va bilimlarni ifodalash, avtomatlashtirilgan axborot tizimlarining ontologiyasini qo'llash asoslari", "isbn": "123450", "reprint": false, "published_year": "2022", "pages": 0, "resource_area": null, "key_words": "ontologiya, bilimlar, bilimlar bazasi, ma'lumotlar bazasi, maydon, atribut, klassifikatsiyalah, tasniflash", "about": "Monografiyada ontologiyalar va bilimlarni ifodalash, avtomatlashtirilgan axborot tizimlarning ontologiyasini qo’llash asoslari, aqlli tizimlar uchun interfeys sifatida ontologiyalardan foydalanish, bilimlar omborining ontologiyasini yaratish, internet tarmog’ida ontologiyalardan foydalanib funksional tarmoqlarni ishlab chiqish asoslari taqdim etilgan. Ushbu monografiya avtomatlashtirilgan tizimlarni ishlab chiquvchi dasturchi-injenerlar, axborot texnologiyalari yo’nalishida tahsil oluvchi talabalar va o’qituvchilar uchun mo’ljallangan.", "author": "Eshonqulov Hakim Ilhomovich", "category": 4, "university": 1, "resource_type": 2, "publisher": "“Durdona” nashriyoti", "language": "Uzbek", "file": "files/2024/01/30/Ontologiyalar_va_bilimlarni_ifodalash_avtomatlashtirilgan_axborot.pdf", "image": "images/2024/01/30/photo_2024-01-30_15-20-14.jpg", "permission": "public", "download_count": 0, "library": []}}, {"model": "lib.book", "pk": 34, "fields": {"name": "Zamonaviy axborot-kommunikatsiya texnologiyalarining aloqa kanallarida axborotlarni himoyalash", "isbn": "123451", "reprint": false, "published_year": "2020", "pages": 0, "resource_area": null, "key_words": "axborot xavfsizligi, axborotlarni himoyalash, himoya mexanizmlari", "about": "Ushbu monografiyada bugungi kunda keng tarqalayotgan zamonaviy mobil telefonlar yordamida simli va simsiz aloqa kanallari orqali uzatilayotgan va qabul qilinayotgan SMS, MMS ma'lumotlarni himoyalash usullari, aloqa kanllarining umumiy parametrlarini va xarakteristiklarini hisoblash formulalari keng yoritib berilgan.", "author": "X.Nigmatov, U.Umarov", "category": 4, "university": 1, "resource_type": 2, "publisher": "Innovatsion rivojlanish nashriyot - matba uyi", "language": "Uzbek", "file": "files/2024/01/30/Zamonaviy_axborot_kommunikatsiya_texnologiyalarining_aloqa_kanallarida.pdf", "image": "images/2024/01/30/photo_2024-01-30_15-20-14_nPRFzds.jpg", "permission": "public", "download_count": 0, "library": []}}, {"model": "lib.book", "pk": 35, "fields": {"name": "Geografik turizm va uni baholashda geografik axborot tizim texnologiyalari (Farg'ona vodiysi misolida)", "isbn": "123452", "reprint": false, "published_year": "2023", "pages": 0, "resource_area": null, "key_words": "geografik. geografik tizim, texnologiya, baholash", "about": "Mazkur monografiyada geografik, turizm va geografik turizm tushunchalari ilmiy-amaliy jihatdan tahlil qilingan. Shuningdek Farg'ona vodiysining O'zbekiston qismi tabiat komponentlari GAT texnologiyalari yordamida geografik turistik nuqtayi nazardan baholangan. Bundan tashqari, ushbu monografiya turistik-rekreatsion klaster, zona va mintaqalarni tashkil etishda ilmiy asos bo'lib xizmat qiladi.", "author": "Nigmatov A.N., Tobirov O.Q", "category": 4, "university": 1, "resource_type": 2, "publisher": "Metodist nashriyoti", "language": "Uzbek", "file": "files/2024/01/30/Geografik_turizm_va_uni_baholashda_geografik_axborot_tizim_texnologiyalari.pdf", "image": "images/2024/01/30/photo_2024-01-30_15-20-14_N8zCu9J.jpg", "permission": "public", "download_count": 0, "library": []}}, {"model": "lib.book", "pk": 36, "fields": {"name": "Исследование и разработка моделей и методов поиска информационных образовательных ресурсов в электронной библиотеке", "isbn": "123453", "reprint": false, "published_year": "2004", "pages": 0, "resource_area": null, "key_words": "разработка моделей, методов поиска информационных образовательных ресурсов, лектронной библиотеке", "about": "Специальность 05.13.11- Математическое и программное обеспечение вычислительных машин,\r\nкомплексов и компьютерных сетей", "author": "Аюшеева Наталья Николаевна", "category": 3, "university": 1, "resource_type": 2, "publisher": "Работа выполнена в Восточно-Сибирском государственном технологическом университете", "language": "Uzbek", "file": "files/2024/01/30/Аюшеева_Наталья_Николаевна.pdf", "image": "images/2024/01/30/photo_2024-01-30_15-20-14_OewGoJY.jpg", "permission": "public", "download_count": 0, "library": []}}, {"model": "lib.book", "pk": 37, "fields": {"name": "Информационный поиск для облачных библиотечных систем: особенности лингвистического обеспечения", "isbn": "123454", "reprint": false, "published_year": "2019", "pages": 0, "resource_area": null, "key_words": "Информационный поиск, облачных библиотечных систем, особенности лингвистического обеспечения", "about": "Специальность 05.25.05 – Информационные системы и процессы", "author": "Смирнов Юрий Викторович", "category": 3, "university": 1, "resource_type": 3, "publisher": "«Московский государственный институт культуры»", "language": "Uzbek", "file": "files/2024/01/30/Диссертация.pdf", "image": "images/2024/01/30/photo_2024-01-30_15-20-14_ETQ0ocB.jpg", "permission": "public", "download_count": 0, "library": []}}, {"model": "lib.book", "pk": 38, "fields": {"name": "Разработка и анализ интеллектуальных программ  информационного поиска в вычислительных сетях  на основе универсальных алгебр", "isbn": "123455", "reprint": false, "published_year": "2003", "pages": 0, "resource_area": null, "key_words": "Разработка,  анализ интеллектуальных программ, информационного поиска, вычислительных сетях \r\nна основе универсальных алгебр", "about": "Специальность 05.13.11 - \"Математическое и программное обеспечение вы\u0002числительных машин, комплексов и компьютер", "author": "Крошилин Александр Викторович", "category": 3, "university": 1, "resource_type": 3, "publisher": "Рязанская Государственная Радиотехническая Академия", "language": "Uzbek", "file": "files/2024/01/30/Крошилин_Александр_Викторович.pdf", "image": "images/2024/01/30/photo_2024-01-30_15-20-14_bLDIQuX.jpg", "permission": "public", "download_count": 0, "library": []}}, {"model": "lib.book", "pk": 39, "fields": {"name": "Модели и алгоритмы обработки корпуса документов научной информации", "isbn": "13231231", "reprint": false, "published_year": "2011", "pages": 0, "resource_area": null, "key_words": "модель, алгоритм, обработки корпуса, научной информации", "about": "Специальность 05.13.01 - Системный анализ, управление и обработка информации (промышленность, информатика)", "author": "Седова Яна Анатольевна", "category": 3, "university": 1, "resource_type": 3, "publisher": "Астраханский Государственный Технический Университет", "language": "UzbekLatin", "file": "files/2024/01/30/Седова_Яна_Анатольевна.pdf", "image": "images/2024/01/30/photo_2024-01-30_15-20-14_a29a5Uu.jpg", "permission": "public", "download_count": 2, "library": [1]}}, {"model": "lib.book", "pk": 40, "fields": {"name": "Arxiv ishi nazariyasi va amaliyoti", "isbn": "123410", "reprint": false, "published_year": "2020", "pages": 0, "resource_area": null, "key_words": "arxiv, elektron arxiv, hujjatshunoslik", "about": "Mazkur o'quv qo'llanmada arxivshunoslik sohasini o'rganishda muhim o'rin tutgan \"Arxiv ishi nazariyasi va amaliyoti\" faniga oid ma'lumotlar keltirilgan. Arxivshunoslik nazariy masalalari qatorida arxiv ishi va arxivlarni tashkil etish, ularda hujjatlarni saqlash, respublika va xorijiy mamlakatlarda arxivlar faoliyatini tashkillashtirish, arxiv sohasini boshqarish, arxiv ma'lumotlaridan foydalanish xususida so'z yuritilgan. O'quv qo'llanmada, shuningdek, arxivshunoslik sohasiga oid nazariy bilimlarni amaliyotda qo'llash bo'yicha tavsiyalar berilgan.", "author": "X.A.Buriyeva, A.Y.Nazarov, B.B.Abbasov", "category": 1, "university": 1, "resource_type": 2, "publisher": "Innovatsion rivojlanish nashriyot - matba uyi", "language": "Uzbek", "file": "files/2024/01/30/Arxiv_ishi_nazaryasi_va_amaliyoti.pdf", "image": "images/2024/01/30/Arx.jpg", "permission": "public", "download_count": 0, "library": []}}, {"model": "lib.book", "pk": 41, "fields": {"name": "Axborot kutubxona katalogi va fondi", "isbn": "123411", "reprint": false, "published_year": "2017", "pages": 0, "resource_area": null, "key_words": "axborot, axborot-kutubxona, katalog, fond, ma'lumot", "about": "Ushbu o‘quv qo‘llanma Axborot-kutubxona muassasalarining kataloglari, Axborot-kutubxonalar ish faoliyatida ularning tutgan o‘rni, katalog turlari, tasvir prinsiplari, hujjatlarga ishlov berish, sistemalashtirishning nazariy asoslari, tarixiy negizlari haqida tushuncha beradi. Xususan, \r\nkutubxona-bibliografik klassifikatsiyalarining vujudga kelishi: Universal o‘nlik klassifikatsiyaning yaratilishi, 0 ‘zbekiston Respublikasi kutubxona-bibliografik klassifikatsiyasi jadvalining tuzilishi, u bilan \r\nishlash metodikasi masalalarini, axborot-kutubxona fondi, uning belgi va xususiyatlari, fondni shakllantirish prinsiplari va jarayonlarini qamrab oladi. Shuningdek, Axborot-kutubxona muassasalarining katalog va \r\nkartotekalar tizimini tuzish bo‘yicha nazariy va amaliy bilimlar beradi.", "author": "Ganiyeva B.I", "category": 1, "university": 1, "resource_type": 2, "publisher": "0‘zbekiston faylasuflari milliy jamiyati nashriyot", "language": "Uzbek", "file": "files/2024/01/30/Axborot-kutubxona_katalogi_va_fondi.pdf", "image": "images/2024/01/30/AX_fon.jpg", "permission": "public", "download_count": 0, "library": []}}, {"model": "lib.book", "pk": 42, "fields": {"name": "Jahon axborot resurslari", "isbn": "123412", "reprint": false, "published_year": "2019", "pages": 0, "resource_area": null, "key_words": "axborot, resurs, jurnallar, maqola, kutubxona, qidiruv", "about": "Darslik jahonning yetakchi nashriyotlari va ular tomonidan chop etilayotgan ilmiy-ta’limiy resurslarning axborot-kutubxona muassasalarida qo‘llanilishi, jumladan, elektron ilmiy-ta’limiy resurslar haqidagi ma’lumotlar, ulardan foydalanishning texnologik va tashkiliy jihatlaridan tortib, to‘plash, tarqatishning huquqiy masalalari, ularning qidiruv tizimlari borasidagi qimmatli ma’lumotlarni mujassamlashtiradi.\r\nMazkur darslik 5A350601-«Axborotlashtirish va kutubxonashunoslik» magistratura mutaxasissisligi talabalari uchun mo‘ljallangan bo’lib, shu bilan bir qatorda darslikdan elektron kutubxona va arxivlar, axborot-kutubxona sohasi mutaxassislari, ilmiy faoliyat bilan shug‘ullanuvchi barcha soha xodimlari, professor\u0002o‘qituvchilar, doktorantlar ham o‘z faoliyatlarida qo‘llashlari mumkin.", "author": "M.A. Raxmatullayev, B.I. Ganiyeva", "category": 1, "university": 1, "resource_type": 2, "publisher": "0‘zbekiston faylasuflari milliy jamiyati nashriyot", "language": "Uzbek", "file": "files/2024/01/30/Jahon_axborot_resurslari.pdf", "image": "images/2024/01/30/Jah.jpg", "permission": "public", "download_count": 0, "library": []}}, {"model": "lib.book", "pk": 43, "fields": {"name": "Avtomatlashtirilgan axborot-kutubxona tizimi elektron katalogi bazasini shakllantirish I", "isbn": "123413", "reprint": false, "published_year": "2010", "pages": 0, "resource_area": null, "key_words": "axborot, axborot-kutubxona, katalog, elektron katalog, ИРБИС, UNIMARC, dissertatsiya, avtoreferat", "about": "Qo'llanmada \"Integrallashgan axborot-kutubxona tizimi (ИРБИС)\" elektron katalogi ma'lumotlar bazasini shakllantirish bo'yicha ko'rsatmalar berilgan. Turli hujjatlarni kataloglashtiirsh, UNIMARC maydonlarini to'ldirish tartibi keltirilgan. Shuningdek, kitoblar, avtoreferatlar va dissertatsiyalar bazasini shakllantirish bo'yicha tavsiyalar berilgan. Uslubiy qo'llanma ИРБИС tizimi asosida elektron katalog bazasini shakllantiruvchilar, talabalar, magistrlar, kutubxonachilar hamda ilmiy tadqiqot olib boruvchilarga mo'ljallangan.", "author": "U.F.Karimov, D.A.Ibragimova", "category": 1, "university": 1, "resource_type": 2, "publisher": "O'zbekiston Milliy kutubxonasi nashriyoti", "language": "Uzbek", "file": "files/2024/02/06/4-719_compressed.pdf", "image": "images/2024/02/06/photo_2024-02-05_14-48-57.jpg", "permission": "public", "download_count": 0, "library": []}}, {"model": "lib.book", "pk": 44, "fields": {"name": "Avtomatlashtirilgan axborot-kutubxona tizimi elektron katalogi bazasini shakllantirish II", "isbn": "123414", "reprint": false, "published_year": "2010", "pages": 0, "resource_area": null, "key_words": "axborot, axborot-kutubxona, tizim, ИРБИС, avtomatlashtirilgan, dissertatsiya, avtoreferat, maqola", "about": "Qo'llanmada \"Integrallashgan axborot-kutubxona tizimi ИРБИС\" elektron katalogi ma'lumotlar bazasini shakllantirish bo'yicha ko'rsatmalar berilgan. Turli hujjatlarni kataloglashtirish, UNIMARC maydonlarini to'ldirish tartibi keltirilgan. Qo'llanmada asosan nota nashrlar, nodir adabiyotlar, davriy nashrlar elektron katalogi bazasini shakllantirish bo'yicha tavsiyalar berilgan. Uslubiy qo'llanma ИРБИС tizimi asosida elektron katalog bazasini shakllantiruvchilar, talabalar, magistrlar, kutubxonachilar hamda ilmiy tadqiqot olib boruvchilarga mo'ljallangan.", "author": "U.F.Karimov, D.A.Ibragimova", "category": 1, "university": 1, "resource_type": 2, "publisher": "Alisher Navoiy nomidagi O'zbekiston Milliy kutubxonasi nashriyoti", "language": "Uzbek", "file": "files/2024/02/06/4-720_compressed.pdf", "image": "images/2024/02/06/photo_2024-02-05_14-50-00.jpg", "permission": "public", "download_count": 0, "library": []}}, {"model": "lib.book", "pk": 45, "fields": {"name": "Axborot texnologiyalari va jarayonlarni matematik modellashtirish", "isbn": "123415", "reprint": false, "published_year": "2023", "pages": 0, "resource_area": null, "key_words": "axborot texnologiyalari, modellashtirish, jarayonlar, usullar, algoritmlar", "about": "O'quv qo'llanmada axborot texnologiyalari, dasturiy ta'minot haqida tushunchalar, algoritmlash va dasturlash, C++ dasturlash tili haqida ma'lumotlar, jumladan, C++ dasturlash tili va uning asosiy operatorlari, uning kiritish va chiqarish operatorlari, tarmoqlanish va takrorlanish operatorlari, massivlar bilan ishlash kabi ma'lumotlar berilgan. Bundan tashqari, matematik modellarni elektron jadvaldagi tadqiqoti hamda MS Excel da matematik modellashtirishning muayyan elementlari kiritilgan. Shu bilan birga matematikaning sodda, oddiy matematik ifodalarni MathCAD tizimida hisoblash, unda ikki va uch o'lchovli grafiklar qurish, integral va limitlarni hisoblash, matritsalar ustida amallar bajarish, tenglamalar va tenglamalar sistemasini yechish hamda masalalarning analitik yechimlarini qurish kabi masalalarni yechish prtseduralari to'g'risida ma'lumotlar va viszual materiallar berilgan.", "author": "M.M.Nurullayev", "category": 1, "university": 1, "resource_type": 2, "publisher": "Umid nashriyoti", "language": "Uzbek", "file": "files/2024/02/06/1706596068.pdf", "image": "images/2024/02/06/photo_2024-02-05_15-09-07.jpg", "permission": "public", "download_count": 0, "library": []}}, {"model": "lib.book", "pk": 46, "fields": {"name": "Axborot-kutubxona menejmenti", "isbn": "123416", "reprint": false, "published_year": "2013", "pages": 0, "resource_area": null, "key_words": "axborot, axborot-kutubxona, menejment, boshqaruv, kutubxonachi", "about": "Ushbu o'quv qo'llanma axborot-kutubxona va axborot-resurs markazlari menejmenti masalalariga bag'ishlangan. O'quv qo'llanmada axborot-kutubxona va axborot-resurs markazlari menejmenti asoslari, axborot-kutubxona va axborot-resurs markazlarini boshqarish usulikasi, menejmentning kutubxona va kutubxonachilik ishidagi roli va ahmiyati, boshqaruv tizimida qabul qilinadigan qarorlarning ahamiyati, axborot-kutubxona va axborot-resurs markazlari ish samaradorligini oshirishning maqsadi va unda qo'llaniladigan usullar, vositalar, shakllar haqida so'z boradi.", "author": "A.Alimova, Z.Berdiyeva", "category": 1, "university": 1, "resource_type": 2, "publisher": "VNESHINVESTPROM", "language": "Uzbek", "file": "files/2024/02/06/1705119032.pdf", "image": "images/2024/02/06/photo_2024-02-05_15-11-30.jpg", "permission": "public", "download_count": 0, "library": []}}, {"model": "lib.book", "pk": 47, "fields": {"name": "Axborot-kutubxona muassasalari resurslar fondi va kataloglari", "isbn": "123417", "reprint": false, "published_year": "2017", "pages": 0, "resource_area": null, "key_words": "axborot, axborot-kutubxona, resurs, muassasa, kutubxonachi", "about": "Ushbu o'quv qo'llanma axborot-kutubxona muassasalari resurslari fondi va kataloglarini tashkil etishning nazariy va amaliy jihatlariga bag'ishlangan bo'lib, unda axborot-kutubxona muassasalari resurslari fondining tarkibi va uni tashkil qilish jarayonlari, axborot-kutubxona muassasalari kataloglari, ularning ahamiyati va turlari, bibliografik tavsif elementlari va tavsif turlari, axborot-kutubxona muassasalarida kutubxona bibliografik klassifikatsiyasini qo'llanilishi, fondni shakllantirish usullari, tamoyillari, hisobga olish, joylashtirish va saqlash kabi ma'lumotlar yoritilgan.", "author": "Rahimova N.A., To'lanova G.G'., Mavlayanov K.G'", "category": 1, "university": 1, "resource_type": 2, "publisher": "Tafakkur bo'stoni nashriyoti", "language": "Uzbek", "file": "files/2024/02/06/1669385519.pdf", "image": "images/2024/02/06/photo_2024-02-05_15-16-48.jpg", "permission": "public", "download_count": 0, "library": []}}, {"model": "lib.book", "pk": 48, "fields": {"name": "Bulutli texnologiyalar", "isbn": "123418", "reprint": false, "published_year": "2021", "pages": 0, "resource_area": null, "key_words": "bulutli texnologiyalar, cloud computing, xotira, GOOGLE", "about": "Oʻquv qoʻllanmada bulutli texnologiyalarni taʻlim jarayoniga tadbiqi masalalari yoritilgan. Asosiy bulitli texnologiyalar dasturiy vositalarning maqsad, vazifa va turlari, bulutli infrastruktura komponentlarini samarali tashkil etish va boshqarishni batafsil bayoniga qaratilgan. Boʻlajak mutaxasislarning pedagogik hamda ishlab chiqarish va xizmat ko‘rsatish faoliyatidabulitli texnologiyalarni qo‘llashning zamonaviy yondashuvlari ifoda etilgan.", "author": "T.E.Delov", "category": 1, "university": 1, "resource_type": 2, "publisher": "«Nihol print» OK nashriyoti", "language": "Uzbek", "file": "files/2024/02/06/2-1574__Bulutli_texnologiyalar.pdf", "image": "images/2024/02/06/photo_2024-02-05_15-45-47.jpg", "permission": "public", "download_count": 0, "library": []}}, {"model": "lib.book", "pk": 49, "fields": {"name": "Dasturlash I", "isbn": "123419", "reprint": false, "published_year": "2021", "pages": 0, "resource_area": null, "key_words": "dastur, algoritm, loyiha, blok-sxema, loyihalash", "about": "Darslikda algoritm va dasturlashning asosiy tushunchalari, jumladan, til alifbosi, identifikator, kalit so'zlar, satrli o'zgaruvchilar, ma'lumotlar tipi, arifmetik ifoda va amallar, siljitish amallari, inkrement, dekrement, kutubxonalar va ulaming funksiyalari hamda preprotsessor direktivalaridan foydalanish\r\nusullari, takrorlanuvchi jarayonlarni tashkil qiluvchi operatorlar va ulardan foydalanish usullari hamda shartli va shartsiz jarayonlarni samarali tashkil qilish usullari va misollari, funksiya va ularni tashkil qilish usullari, rekursiv funksiya va ularni qo'llanilishi, bir va ko'p o'lchovli massiv hamda ularning elementlari\r\nustida amallar bajarish algoritm va usullari, massivni funksiya paramatri param sifatida qo'llanilish yo'llari, saralash algoritimlari, obyektga yo'naltirilgan dasturlash tamoyllarini tashkil qilish usullari, sinflar va konstruktorlar hamda ulardan foydalanish yo'llari, obyektlar va ularni parametr sifatida qo'llanilish usullari, satrlar va belgili o'zgaruvchilarga ishlov berish hamda ularni tashkil qiluvchi standart funksiyalar, ulardan foydalanish yo'llari, matnli va binar fayllar bilan ishlash usullari, istisnoli holatlarni qayta ishlash yo'llari, inkapsulyatsiyani tashkil qilish yo'llari, merosxo'rlik va ulardan foydalanish usullari, polimorfizm va uning turlari, operatorlarni qayta yuklash hamda shablonlar va ularni tashkil qilish shartlari va ketma-ketliklari bo'yicha nazariy va amaliy materiallar bayon qilingan.", "author": "B.B.Mo'minov", "category": 1, "university": 1, "resource_type": 2, "publisher": "«Nihol print» OK nashriyoti", "language": "Uzbek", "file": "files/2024/02/06/2-1562.pdf", "image": "images/2024/02/06/photo_2024-02-05_14-25-22.jpg", "permission": "public", "download_count": 0, "library": []}}, {"model": "lib.book", "pk": 50, "fields": {"name": "Dasturlash II", "isbn": "123420", "reprint": false, "published_year": "2021", "pages": 0, "resource_area": null, "key_words": "dastur, algoritm, blok-sxema, loyiha, massiv, funksiya, jadval", "about": "Darslikda noma'lum tiplar va noma'lum nomlar fazosi. STL kutubxonalari, oddiy, assosiativ va tartiblanmagan assosiativ konteynerlar hamda konteynerlar adapterlari tushunchalari, standart algoritmlar, iteratorlar va sonli sinflar bilan ishlash, sintaktik tahlil qilishni tashkil etishning samarali usullari va murakkab saralash algoritmlaridan unumli foydalanish, Visual C++ muhitida menyular va uskunalar paneli, komponenta tushunchasi va xususiyatlari, muloqot oynalari, Visual C++ ning grafik imkoniyatlari, OLE va MFC texnologiyalari hamda kichik loyihalarni yaratishning nazariy va amaliy asoslari keltirilgan.", "author": "B.B.Mo'minov", "category": 1, "university": 1, "resource_type": 2, "publisher": "«Nihol print» OK nashriyoti", "language": "Uzbek", "file": "files/2024/02/06/2-1563.pdf", "image": "images/2024/02/06/photo_2024-02-05_14-26-46.jpg", "permission": "public", "download_count": 0, "library": []}}, {"model": "lib.book", "pk": 51, "fields": {"name": "Elektron kutubxona yaratish texnologiyasi va resurslaridan foydalanish", "isbn": "123421", "reprint": false, "published_year": "2010", "pages": 0, "resource_area": null, "key_words": "elektron kutubxona, katalog, elektron katalog, axborot, kutubxona, kutubxonachi", "about": "Mazkur o'quv qo'llanma \"Axborotlashtirish va kutubxonashunoslik\" ta`lim yo'nalishida tahsil olayotgan talabalarga, \"Axborotlashtirish va kutubxonashunoslik\" mutaxassisligi bo`yicha o'qiyotgan magistrantlarga hamda o'z kutubxonalarida elektron kutubxona yaratayotgan mutaxassislarga mo'ljallangan. O'quv qo'llanmada elektron kutubxona yaratish texnologiyasi, elektron katalog yaratish tamoyillari va KARMAT dasturi asosida axborot resurs markazida elektron kutubxona yaratish metodikasi batafsil keltirilgan.", "author": "U.F.Karimov, M.A.Raxmatullayev", "category": 1, "university": 1, "resource_type": 2, "publisher": "Alisher Navoiy nomidagi O'zbekiston Milliy kutubxonasi nashriyoti", "language": "Uzbek", "file": "files/2024/02/06/Elektron_kutubxona_yaratish_texnologiyasi_va_resurslaridan_foydalanish.pdf", "image": "images/2024/02/06/photo_2024-02-05_13-27-19.jpg", "permission": "public", "download_count": 0, "library": []}}, {"model": "lib.book", "pk": 52, "fields": {"name": "Kompyuter arxitekturasi", "isbn": "123422", "reprint": false, "published_year": "2018", "pages": 0, "resource_area": null, "key_words": "kompyuter, kompyuter arxitekturasi, kompyuter tarmoqlari, qurilmalar, topologiyalar", "about": "Kompyuterda ma’lumotlarni ishlash jarayonlari, ya’ni hisoblash jarayonlarining qanday tashkil qilinganligi, ma’lumotlarni bir joydan boshqa joyga ko‘chirib yozish amallari, ma’lumotlar bazalari bilan ishlash, kompyuterda, kompyuter tizimlarida va kompyuter tarmoqlarida xavfsizlik choralarini amalga oshirish hamda multimedia vositalari bilan ishlash uchun yaratilgan dasturiy vositalardan unumli foydalanish, ularni \r\namaliyotda qo‘llashda – kompyuter arxitekturasiga oid bilimlardan xabardor bo‘lishlik ham talab etilmoqda. Hozirda kompyuter va telekommunikatsion tarmoqlar asosida yaratilgan va yaratilayotgan turli \r\nxil tizimlarni, jumladan taqsimlangan va bulutli hisoblash tizimlari kabi tizimlarni ham, o‘ziga xos kompyuterlar deb qarash mumkin bo‘lmoqda.", "author": "Z.Z.Miryusupov, J.X.Djumanov", "category": 1, "university": 1, "resource_type": 2, "publisher": "Aloqachi", "language": "Uzbek", "file": "files/2024/02/06/2-1087.pdf", "image": "images/2024/02/06/photo_2024-02-05_15-43-27.jpg", "permission": "public", "download_count": 0, "library": []}}, {"model": "lib.book", "pk": 53, "fields": {"name": "Kompyuter tarmoqlari", "isbn": "123423", "reprint": false, "published_year": "2019", "pages": 0, "resource_area": null, "key_words": "tarmoq, kompyuter, lokal tarmoq, mintaqaviy tarmoq, global tarmoq", "about": "Ushbu o‘quv qo‘llanmada «Kompyuter tarmoqlari» faniga tegishli bo‘lgan, kompyuter tarmoqlariga oid asosiy tushunchalar, kompyuter tarmoqlari qurilishining tamoillari, zamonaviy kompyuter tarmoqlarining xillari, lokal va global kompyuter tarmoqlari texnologiyalari, ularning  ko‘rsatkichlari, ochiq tizimlarning o‘zaro birgalikda ishlash etalon modeli - OSI, OSI modeli sathlarining vazifalari, tarmoq protokollari, uzatish muhitiga ulanish protokollari, marshrutlash va transport protokollariga  oid mavzular bo‘yicha talabalarga Davlat ta’lim standartlari asosida etkazilishi kerak bo‘lgan ma’lumotlar keltirilgan.", "author": "Z.Z.Miryusupov, J.X.Djumanov", "category": 1, "university": 1, "resource_type": 2, "publisher": "Aloqachi", "language": "Uzbek", "file": "files/2024/02/06/2-2083.pdf", "image": "images/2024/02/06/photo_2024-02-05_14-18-16.jpg", "permission": "public", "download_count": 0, "library": []}}, {"model": "lib.book", "pk": 54, "fields": {"name": "Kompyuter tizimlari va tarmoqlari", "isbn": "123424", "reprint": false, "published_year": "2013", "pages": 0, "resource_area": null, "key_words": "kompyuter, tizim, tarmoq, model, OSI, TCP/IP", "about": "O'quv qo'llanma oliy o'quv yurtlari talabalariga «Kompyutyer tizimlari va tarmoqlari» fanidan mo'ljallangan bo'lib, unda kompyutyer va uning tashkil etuvchi modullari o'rtasida o'zaro aloqa, kompyutyer tarmoqlarining topologiyasi, aloqa muhiti, paketlar, protokollar va axborot almashinuvini boshqarish usullari, tarmoq arxitektura bosqichlari, lokal tarmoqlar hamda tarmoq uskuna va qurilmalari, kompyutyer tizimlari, tizim tashkil etuvchilari, ularning bajaradigan vazifalari haqida to'liq ma'lumotlar berilgan.", "author": "M.M.Musayev", "category": 1, "university": 1, "resource_type": 2, "publisher": "Aloqachi", "language": "Uzbek", "file": "files/2024/02/06/2-524.pdf", "image": "images/2024/02/06/photo_2024-02-05_13-32-47.jpg", "permission": "public", "download_count": 0, "library": []}}, {"model": "lib.book", "pk": 55, "fields": {"name": "Kutubxona kataloglari", "isbn": "123425", "reprint": false, "published_year": "2012", "pages": 0, "resource_area": null, "key_words": "kutubxona, katalog, kutubxonachi, bibliografik", "about": "Ushbu o'quv qo'llanma Axborot kutubaona muassasalarining kataloglari, Axborot-kutubxonalar ish faoliyatida ularning tutgan o'rni, katalog turlari, tasvir prinsiplari, hujjatlarga ishlov berish, sistemalashtirishning nazariy asoslari, tarixiy negizlari haqida tushuncha beradi. Xususan, kutubxona-bibliografik klassifikatsiyalari vujudga kelishi: Universal o'nlik klassifikatsiyaning yaratilishi. O'zbekiston Respublikasi kutubxona-bibliografik klassifikatsiyasi jadvalining tuzilishi, u bilan ishlash metodikasi masalalarini qamrab oladi. Kitob mutaxassislar. Axborotlashtirish va kutubxonashunoslik yo'nalishi bo'yicha ta'lim olayotgan talabalar uchun mo'ljallangan.", "author": "B.I.G'aniyeva", "category": 1, "university": 1, "resource_type": 2, "publisher": "O'zR FA \"Fan nashriyoti\"", "language": "Uzbek", "file": "files/2024/02/06/1667193000.pdf", "image": "images/2024/02/06/photo_2024-02-05_15-20-34.jpg", "permission": "public", "download_count": 0, "library": []}}, {"model": "lib.book", "pk": 56, "fields": {"name": "Ma'lumotlar bazasi boshqarish", "isbn": "123426", "reprint": false, "published_year": "2021", "pages": 0, "resource_area": null, "key_words": "ma'lumotlar, ma'lumotlar bazasi, maydon, atribut, model", "about": "O‘quv qo‘llanma ma’lumotlar bazasini yaratish, loyihalash va boshqarish, hamda relyatsoin ma’lumotlar bazalari ustida bajariladigan amallarni o‘z ichiga oladi. Shu bilan birga relyatsion ma’lumotlar bazasini boshqarishning asosiy vositalari, boshqarish tizimining funksiyalari, jadvallarni modifikatsiyalash, ma’lumotlar bazasini boshqarishda bog‘lanishlar va ko‘p jadvalli amallardan foydalanish, ma’lumotlar bazasini himoyalash va SQL tilida funksiya hamda proseduralar yaratish kabi asosiy texnologiyalarni tahlil qilish ko‘nikmalarini hosil qilishga qaratilgan.", "author": "X.S.Muxitdinov, J.T.Usmonov, M.F.To‘rayev, O.Asqaraliyev", "category": 1, "university": 1, "resource_type": 2, "publisher": "«Nihol print» OK nashriyoti", "language": "Uzbek", "file": "files/2024/02/06/2-1573.pdf", "image": "images/2024/02/06/photo_2024-02-05_15-45-09.jpg", "permission": "public", "download_count": 0, "library": []}}, {"model": "lib.book", "pk": 57, "fields": {"name": "Operatsion tizimlar", "isbn": "123427", "reprint": false, "published_year": "2021", "pages": 0, "resource_area": null, "key_words": "operatsion tizim, Windows, Linux, Unix", "about": "Operatsion tizimlar hisoblash mashinalari va hisoblash tizimlari uchun dasturiy ta’minotning asosidir. Hozirgi kunda kompyuterlashtirish hayotimizning barcha sohalarini qamrab oldi. Ushbu o‘quv qo‘llanmada operatsion tizimlarning asosiy tushunchalari va ularning ahamiyati, operatsion tizimlarning asosiy funksiyalari va imkoniyatlarini o‘rganish masalalarini o‘z ichiga olgan.  Mazkur fan talabalarga maxsus fanlarni o‘zlashtirishda, keyinchalik ishlab chiqarish, loyihalash va tadqiqot ishlarida kerak bo‘ladigan asosiy negiz tushunchalarni o‘rgatadi. O‘quv qo‘llanmada “Operatsion tizimlar” fanini o‘zlashtirish jarayonida talabalar tomonidan o‘zlashtirilishi kerak bo‘lgan bilimlar: operatsion tizim tushunchasi va ularning ahamiyati, ularning tuzilishi va asosiy komponentlari, operatsion tizimlarning asosiy funksiyalari bo‘lgan jarayonlarni boshqarish, protsessorni boshqarish, xotirani tashkil etish va boshqarish usullari, tashqi qurilmalarni boshqarish, fayl tizimi va fayllarni boshqarish masalalari, tarmoq \r\noperatsion tizimlari va ularning imkoniyatlari, tarmoq xizmatlari va ularni tashkil etish, xavfsizlik va himoya vositalari va dasturlari, amaliyotda keng qo‘llaniladigan Linux, Windows, Android operatsion tizimlari, ularning qurilish tamoyillari va imkoniyatlari haqidagi ma’lumotlar keltirilgan.", "author": "U.R.Xamdamov, Dj.B.Sultanov, S.S.Parsiyev, U.M.Abdullayev", "category": 1, "university": 1, "resource_type": 2, "publisher": "«Nihol print» OK nashriyoti", "language": "Uzbek", "file": "files/2024/02/06/2-1570.pdf", "image": "images/2024/02/06/photo_2024-02-05_14-28-19.jpg", "permission": "public", "download_count": 0, "library": []}}, {"model": "lib.book", "pk": 58, "fields": {"name": "Sun'iy intellekt", "isbn": "123428", "reprint": false, "published_year": "2019", "pages": 0, "resource_area": null, "key_words": "sun'iy intellekt, intellektual, neyron", "about": "O'quv qo'llanmada sun'iy intellekt sohasidagi ishlar rivojlanishining tarixiy sharxi, ekspert tizimlar, sun'iy intellekt rivojlanishining yo'nalishlari, modellar, ifodalar mantiqi va predikatlar mantiqi, Bayes ehtimolligi; mantiq cheklovlari; qaror qabul qilishning Markov jarayonlari, neyron to'rlar hamda Sun'iy intellekt tizimlarining rivojlanish istiqbollari me'yoriy hujjatlar keltirilgan.", "author": "T.A.Xo'jaqulov, N.T.Malikova", "category": 1, "university": 1, "resource_type": 2, "publisher": "Aloqachi", "language": "Uzbek", "file": "files/2024/02/06/2-1101.pdf", "image": "images/2024/02/06/photo_2024-02-05_13-44-13.jpg", "permission": "public", "download_count": 1, "library": []}}, {"model": "lib.book", "pk": 59, "fields": {"name": "Sun'iy intellekt va neyron tarmoqlari", "isbn": "123429", "reprint": false, "published_year": "2021", "pages": 0, "resource_area": null, "key_words": "sun'iy intellekt, neyron tarmoq, intellektual", "about": "O‘quv qo‘llanmada sun’iy intellektning asosiy tushunchalari va ta’riflari, intellektual agentlar, bilimlarni taqdim etishning modellari, holatlar fazosida qidiruv, birinchi tartibli predikatlar, exspert tizimlar, Bayes qoidasi, noravshan mantiqiy xulosalash, neyronli tarmoqlar, vizual axborotni qayta ishlash tizimlari, genetik \r\nalgoritmlar, gibrid intellektual tizimlar hamda sun’iy intellektning rivojlanish istiqbollari va yo‘nalishlari keltirilgan. Asosiy etibor intellektual tizimlar va neyron tarmoqlarni yaratishning matematik modellari, usullari va dasturiy ta’minotini yaratishning instrumental vositalariga qaratilgan. Bayon qilingan materiallar amaliy misollar va masalalar bilan yoritilgan.", "author": "Bekmuratov Q.A", "category": 1, "university": 1, "resource_type": 2, "publisher": "SamDU nashriyoti", "language": "Uzbek", "file": "files/2024/02/06/1668750066.pdf", "image": "images/2024/02/06/photo_2024-02-05_15-25-52.jpg", "permission": "public", "download_count": 0, "library": []}}, {"model": "lib.book", "pk": 60, "fields": {"name": "Sun'iy intellekt", "isbn": "123430", "reprint": false, "published_year": "2019", "pages": 0, "resource_area": null, "key_words": "sun'iy intellekt, neyron tarmoq, intellektual", "about": "O'quv qo'llanmada fanning mazmuni, tasnifi, maqsadi, vazifalari, sun'iy intellektning asosiy tushunchalari va rivojlanish bosqichlari, sinflari va arxitekturasi, Tyuring testlari, intellektual agentlar, mulohazalar mantiqi hamda predikatlar mantiqi asosida mantiqiy modellashtish va xulosalash, noaniqlikni modellashtirish va noravshan mantiqiy xulosalash, qidiruv yordamida muammolarni yechish, qaror qabul qilish va o'yinlar nazariyasi, Bayesli yondahuv, Bayesli to'rlar, klasterlash, neyronli to'rlar, rivojlanish istiqbollari va yo'nalishlari qaralgan. Nazariy materiallar amaliy misollar bilan yoritilgan, har bir bobning oxirida mustaqil ishlash uchun nazorat savollari, nazorat testlari, masala va topshiriqlar berilgan.", "author": "Q.A.Bekmuratov", "category": 1, "university": 1, "resource_type": 2, "publisher": "Aloqachi", "language": "Uzbek", "file": "files/2024/02/06/2-1339.pdf", "image": "images/2024/02/06/photo_2024-02-05_13-46-15.jpg", "permission": "public", "download_count": 1, "library": []}}, {"model": "lib.book", "pk": 61, "fields": {"name": "Sun'iy intellekt", "isbn": "123431", "reprint": false, "published_year": "2018", "pages": 0, "resource_area": null, "key_words": "sun'iy intellekt, neyron tarmoq, intellektual", "about": "Oliy ma’lumotli mutaxasislarni zamon talabi darajasida tayyorlashda hisoblash texnikalari, zamonaviy axborot kommunikatsiya texnologiyalarining o’rni kattadir. hozirgi kunda dunyoni rivojlangan mamalakatlari xalq ho’jaligini boshqarishda sun’iy intellekt tizimlari va intellektual tizimlarni roli tobora oshib bormoqda. sun’iy intellekt tizimlarini amaliyotda qo’llanilishi nihoyatda katta iqtisodiy samara \r\nbermoqda. shu bois rivojlangan mamlakatlar oliygohlarida “kompyuter injiniringi”, “dasturiy injiniring” ta’lim yo’nalishlarida intelektual tizimlar ishlab chiqa oluvchi mutahasis kadrlar tayyorlanmoqda. bozor \r\niqtisodiyotiga o’tish, dunyoning  rivojlangan mamlakatlari safiga qo’shilish, zamon talablari darajasida oliy ma’lumotli talabalarni tayyorlashni talab etadi. shu nuqtai nazardan kelib chiqib shuni aytish \r\nmumkinki, axborot texnologiyalari mutaxasisligi talabalari iqtisodiy masalalarni echishda intellektual tizimlarini qo’llay olishi va sun’iy intellekt dasturlari bilan ishlay olishi maqsadga muvofiqdir.", "author": "H.N. Zaynidinov., T.A.Xo’jaqulov., M.P. Atadjanova", "category": 1, "university": 1, "resource_type": 2, "publisher": "Aloqachi", "language": "Uzbek", "file": "files/2024/02/06/1-1626.pdf", "image": "images/2024/02/06/photo_2024-02-05_14-54-50.jpg", "permission": "public", "download_count": 2, "library": []}}, {"model": "lib.book", "pk": 62, "fields": {"name": "Tarmoq protokollari", "isbn": "123432", "reprint": false, "published_year": "2017", "pages": 0, "resource_area": null, "key_words": "tarmoq, protokol, tarmoq protokoli", "about": "O‘quv qo‘llanmada ma’lumot uzatish tarmoqlarida ishlatiladigan protokollarning vazifalari, qo‘llanilish tamoyillari, tuzilishlari va havfsizlik qoidalari ko‘rib chiqilgan. Ma’lumot uzatish tarmoqlarida kanal pog‘onasining vazifalari, texnologiyalari, tarmoq pog‘onasining protokollari, manzillash tamoyillari, marshrutizatsiya protokollari, boshqarish protokollari, transport protokollarining tuzilishi, vazifalari, QoSni ta’minlash usullari keltirilgan. Tarmoqni sozligini va diagnostikasini amalga oshirish uchun monitoring usullari ko‘rib o‘tilgan.", "author": "R.X. Djuraev, Sh.Yu. Djabbarov, B.M. Umirzakov", "category": 1, "university": 1, "resource_type": 2, "publisher": "Aloqachi", "language": "UzbekLatin", "file": "files/2024/02/06/1-1628.pdf", "image": "images/2024/02/06/photo_2024-02-05_14-53-00.jpg", "permission": "private", "download_count": 1, "library": []}}, {"model": "lib.book", "pk": 63, "fields": {"name": "Elektron hukumat", "isbn": "123433", "reprint": false, "published_year": "2014", "pages": 0, "resource_area": null, "key_words": "elektron hukumat, e-gov, xizmat ko'rsatish", "about": "Ушбу монографияда давлат бошкаруви органлари фаолиятига за монавий ахборот-коммуникация технологияларини татбик этиш ва ижтимоий-иктисодий соҳаларга интерактив хизмат турларини жорий этиш усуллари, модель ва механизмлари тадкик этилган. Шунинг дек, давлат бошқаруви органларида \"Электрон ҳукумат\" тизими, моделлари, инфратузилмаси ва уни шакллантириш усуллари ҳамда ривожланиш истиқболларига оид масалалар ёритилган.\r\nМазкур монография олий ўқув юртлари талабалари, магистрату ра тингловчилари, докторантлар, мустакил изланувчи-тадкикотчи лар, профессор Укитувчилар ва давлат бошқаруви органларида фао лият юритаетган мутахассисларга мўлжалланган.\r\nМонография Узбекистон Республикаси Вазирлар Маҳкамаси ҳузу ридаги Фан ва технологияларни ривожлантиришии мувофиклашти риш кумитасининг А-5-051+(А-5-052) «Давлат органларининг бошка рув фаолиятларини «Электрон ҳукумат тизими асосида такомиллаш тириш масалалари номли лойихаси асосида тайёрланди", "author": "Ҳ.Зайниддинов, М.Якубов, Ж.Қорабоев", "category": 4, "university": 1, "resource_type": 1, "publisher": "Akademiya нашриёти", "language": "Uzbek", "file": "files/2024/02/06/2-775.pdf", "image": "images/2024/02/06/photo_2024-02-05_13-31-24.jpg", "permission": "public", "download_count": 0, "library": []}}, {"model": "lib.book", "pk": 64, "fields": {"name": "Ilmmetriya asoslari", "isbn": "123434", "reprint": false, "published_year": "2021", "pages": 0, "resource_area": null, "key_words": "ilmmetriya, ilmiy, fan va ta'lim, uslubiy", "about": "Zamonaviy ta'limning rivojlanishi ilmiy ta'limiy axborotlarning yangi manbaalarining mavjudligiga bog'liq bo'lib, qimmatli axborot manbaalaridan foydalanishga bo'lgan imkoniyatning mavjudligi, o'quv materiallarini sifatini bir necha bor ortishiga, shuningdek, olingan bilimlarni ilmiy va kasbiy faoliyatda qo'llashga imkon yaratadi. Mazkur monografiya ilmmetriyaning asosiy tushunchalari, ilmmetrik ko'rsatkichlarni baholash usullari masalalariga bag'ishlangan bo'lib, ilmmetriya, analitik axborot tizimlari va ularning ishlash usullari va texnologiyalari haqida umumiy tushuncha beradi. Monografiyada \"Jahon axborot resurslari\" kursini chuqur o'rganish uchun qo'shimcha materiallar mavjud. Monografiya materiallari doktorantlar, malaka oshirish kurslari inglovchilari, ilmiy izlanuvchilar hamda talabalar uslubiy yordam ko'rsatish, O'zbekistonda erkin foydalanish uchun taqdim etilgan analitik axborot tizimlari va ularning ishlash usullari va texnologiyalari haqida umumiy tushuncha berishdan iboratdir. Shu jumladan, analitik axborot tizimlaridan foydalanuvchi keng kitobxonlar ommasi, axborot kutubxona xizmati darajasini oshirishni istagan kutubxonachilar uchun ham foydali bo'ladi.", "author": "Raxmatullayev M.A., G'aniyeva B.I., Salayeva Y.U", "category": 4, "university": 1, "resource_type": 1, "publisher": "Yosh kuch", "language": "Uzbek", "file": "files/2024/02/06/2-1660.pdf", "image": "images/2024/02/06/photo_2024-02-05_14-12-29.jpg", "permission": "public", "download_count": 0, "library": []}}, {"model": "lib.book", "pk": 65, "fields": {"name": "Interaktiv axborot muhitida elektron xizmatlar", "isbn": "123435", "reprint": false, "published_year": "2017", "pages": 0, "resource_area": null, "key_words": "interaktiv, axborot, xizmat ko'rsatish", "about": "Ушбу монография Олий таълим муасссасалари мисолида “Электрон ҳукумат” тизими доирасидаги ахборот тизимларда электрон хизматларни кўрсатишнинг илмий ва амалий асосларига бағишланган. Шунингдек, ахборот тизимлари хизматлари базасини ташкил этиш ва бошқариш, \r\nфойдаланувчиларнинг табиий тилдаги эҳтиѐж-мурожаатларини компьютер тилига автоматик ўгириш, билимлар базасини шакллантириш технологиялари, реал вақтда фойдаланувчи ҳолатига мос муҳим хизматларни самарали танлаш, хизматлар ҳолатини баҳолаш ва мониторинг қилиш каби масалаларнинг ечими учун турли математик-дастурий моделлар, алгоритмлар, усуллар ва \r\nтехнологиялар ишлаб чиқиш тадқиқ этилади. Тадқиқот ғоялари ва натижаларини нафақат таълим тизими, балки барча турдаги замонавий ахборот муҳитларини лойиҳалаштириш ва яратишда жорий қилиш мумкин. Мазкур монография ахборот технологиялари йўналишидаги олий ўқув \r\nюртлари талабалари, магистратура тингловчилари, докторантлар, мустакил изланувчи-тадқиқотчилар, профессор-ўқитувчилар, ташкилот фаолиятини автоматлаштириш бўйича дастурчилар ва бу соҳада фаолият юритаѐтган мутахассисларга мўлжалланган.", "author": "А.Х.Нишанов, Э.С.Бабаджанов", "category": 4, "university": 1, "resource_type": 1, "publisher": "Aloqachi", "language": "Uzbek", "file": "files/2024/02/06/2-1084.pdf", "image": "images/2024/02/06/photo_2024-02-05_14-36-52.jpg", "permission": "public", "download_count": 0, "library": []}}, {"model": "lib.book", "pk": 66, "fields": {"name": "Korporativ axborot-kutubxona tizimlari va tarmoqlari", "isbn": "123436", "reprint": false, "published_year": "2008", "pages": 0, "resource_area": null, "key_words": "korporativ, axborot-kutubxona, tizim, tarmoq", "about": "Мазкур монография \"Ахборотлаштириш на кутубхонашу- нослик таълим йуналишида таҳсил олаётган талабаларга, \"Ахборот тизимлари ва жараёнлари\" мутахассислиги буйича ўқиётган магистрантларга ҳамда ўз кутубхоналарини автомат- лаштираётган кутубхоначи-мутахассисларга мўлжалланган. Монографияда корпоратив ахборот кутубхона тизимлари ва тармоқлари яратиш усуллари, принциплари, моделлари ва технологияси батафсил келтирилган.", "author": "Karimov U.F., Raxmatullayev M.A", "category": 4, "university": 1, "resource_type": 1, "publisher": "Alisher Navoiy nomidagi O'zbekiston Milliy kutubxonasi nashriyoti", "language": "Uzbek", "file": "files/2024/02/06/4-634.pdf", "image": "images/2024/02/06/photo_2024-02-05_14-35-13.jpg", "permission": "public", "download_count": 0, "library": []}}, {"model": "lib.book", "pk": 67, "fields": {"name": "Noravshan va stoxastik axborot muhitlarida ma'lumotlarni izlash va qayta ishlash modellari, usullari", "isbn": "123437", "reprint": false, "published_year": "2017", "pages": 0, "resource_area": null, "key_words": "noravshan, stoxastik, qidiruv, qayta ishlash, axborot", "about": "Мазкур монографияда маълумот излашнинг ривожланиш боскичлари ва фундаментал асослари ва сўровларни кайта ишлаш усуллари, корпоратив ахборот муҳитларида МИТни яратиш муаммолари, САМда МИТнинг элементлари ва моделлаштириш омиллари, ресурс ва термин частоталарининг вазнини хисоблаш усуллари, МИТда мантикий семантик излаш модели, САМда МИТнинг дастурий модулини яратиш, норавшан сўровларни кайта ишлаш усули, МИИТда тегишлилик функцияларининг синфларини танлаш ва ИИда семантик ядро модели ва алгоритмларини ишлаб чикиш, МИИТда норавшан излаш модели ва қоидаларни ишлаб чикиш, МИТнинг дастурий модулини яратиш, корпоратив тармокда МИҚИнинг FSV технологияси, сўровларни кайта ишлаш ҳамда маълумотларни излаш ва такдим килиш инструментал дастурий модулини яратиш, FSV технологиясини жорий килишда МБсини ишлаб чикиш, ДКларга жорий килиш ва самарадорлиги баён килинган.", "author": "B.B.Mo'minov", "category": 4, "university": 1, "resource_type": 1, "publisher": "Universitet nashriyoti", "language": "Uzbek", "file": "files/2024/02/06/2-1365.pdf", "image": "images/2024/02/06/photo_2024-02-05_14-03-53.jpg", "permission": "public", "download_count": 0, "library": []}}, {"model": "lib.book", "pk": 68, "fields": {"name": "Splaynlar asosida ko'p yadroli protsessorlar uchun parallel usullar va algoritmlar", "isbn": "978-9943-11-621-4", "reprint": false, "published_year": "2022", "pages": 0, "resource_area": 5, "key_words": "splayn, ko'p yadroli protsessorlar, parallel, usul, algoritm", "about": "Monografiyada signallarni raqamli shilashning parallel algoritmlari va parallel texnologiyalar yordamida dasturiy vositalarni ishlab chiqishning yangi usullari hamda mualliflar tomonidan olib borilgan tadqiqotlar natijalari jamlangan. Splayn-funksiya va parallel hisoblash texnologiyalarining xususiyatlari ketma-ketligi shaklida taqdim etilgan. Jumladan Visual C++ muhitida OrepMR va MRІ texnologiyalarini qo‘llagan holda signallarni raqamli ishlashning parallel usullari va algoritmlarini yaratishni yangicha yondoshuvi hamda undan samarali foydalanish yo‘llari ko‘rsatilgan. Kitobning ba’zi bo‘limlari tegishli mutaxassislikdagi magistrantlar va universitet talabalari tomonidan parallel algoritmlarni dasturlash usullarini o‘rganish uchun foydalanilishi mumkin. Kitob professor-o‘qituvchilar, mustaqil tadqiqotchilar, magistrantlar, doktorantlar va talabalar uchun, shuningdek signallarni raqamli ishlash va tiklash uchun parallel algoritmlar, dasturiy vositalar yaratish, ularni loyihalashtirish va amaliyotga tadbiq qilish bilan shugullanadigan mutahasislar uchun muljallangan.", "author": "X.H.Zayniddinov, O.U.Mallayev", "category": 4, "university": 1, "resource_type": 1, "publisher": "Fan Ziyosi", "language": "UzbekLatin", "file": "files/2024/02/06/2-1719.pdf", "image": "images/2024/02/06/photo_2024-02-05_14-14-49.jpg", "permission": "public", "download_count": 1, "library": [1, 2]}}, {"model": "lib.book", "pk": 69, "fields": {"name": "Sust shakllangan jarayonlarni boshqarishda noravshan yondashuvlar", "isbn": "978-9943-11-631-3", "reprint": false, "published_year": "2017", "pages": 0, "resource_area": 5, "key_words": "jarayonlar, boshqarish, sust, intellektual", "about": "Murakkab tizimlar katta miqdordagi kirish-chiqish va elementlari bilan xarakterlanadi, elementlar o‘rtasidagi munosabatlar turli tipli, chiziqsiz xarakterda bo‘ladi. Tizimlar haqidagi axborotning bir qismi sifat ko‘rinishida bo‘ladi. Tizimni faoliyat olib borishi uchun inson omili qatnashganligi bois noravshanlik va noaniqlik holatida amalga oshiriladi. Bunday hollarda tizimga ta’sir o‘tkazuvchi parametrlarni taqsimlash qonuniyatini keltirib chiqarish qiyinlashib boradi, ba’zi hollarda, masalan, vaqtga cheklovi qat’iy bo‘lganda qonuniyatni hosil qilib olish mumkin bo‘lmay ham qoladi.", "author": "O.J.Babomuradov, Z.B.Mingliqulov", "category": 4, "university": 1, "resource_type": 1, "publisher": "Aloqachi", "language": "UzbekLatin", "file": "files/2024/02/06/1-1620.pdf", "image": "images/2024/02/06/photo_2024-02-05_14-57-01.jpg", "permission": "private", "download_count": 0, "library": [1, 2]}}, {"model": "lib.book", "pk": 70, "fields": {"name": "Kiberxavfsizlik asoslari", "isbn": "123460", "reprint": false, "published_year": "2020", "pages": 303, "resource_area": 5, "key_words": "Kiberxavfsizlik, axborot xavfsizligi", "about": "О‘quv qо‘llanma kiberxavfsizlik va uning asosiy tushunchalari, axborotning kriptografik himoyasi, foydalanishni nazoratlash, tarmoq xavfsizligi, foydalanuvchanlikni ta’minlash usullari, dasturiy vositalar xavfsizligi, axborot xavfsizligi siyosati va risklarni boshqarish, kiberjinoyatchilik, kiberhuquq, \r\nkiberetika hamda inson xavfsizligini nazariy va amaliy asoslarini qо‘llanilishi ifodalagan «Kiberxavfsizlik asoslari» nomi ostidagi fanning bо‘limiga bag‘ishlangan.", "author": "S.K.Ganiyev, A.A.Ganiyev, Z.T.Xudoyqulov", "category": 1, "university": 1, "resource_type": 2, "publisher": "Aloqachi", "language": "UzbekLatin", "file": "files/2024/02/28/Kiberxavfsizlik_asoslari_oquv_qollanma.pdf", "image": "images/2024/02/28/photo_2024-02-28_10-04-39.jpg", "permission": "public", "download_count": 0, "library": [1, 2, 3]}}, {"model": "lib.sttmodel", "pk": 1, "fields": {"access": "eyJhbGciOiJIUzI1NiIsInR5cCI6IkpXVCJ9.eyJ0b2tlbl90eXBlIjoiYWNjZXNzIiwiZXhwIjoxNzE2Nzg5NzA5LCJpYXQiOjE3MDgxNDk3MDksImp0aSI6IjJjNjM1Y2EwMGUyMzQ0MTRhMTBkZmRkNDAyMmU2MWQ0IiwidXNlcl9pZCI6Mn0.dHy2UCXg1DsLy6Kjd2Spy_vFD0htRGt0PdqbXyumLRo", "refresh": "eyJhbGciOiJIUzI1NiIsInR5cCI6IkpXVCJ9.eyJ0b2tlbl90eXBlIjoicmVmcmVzaCIsImV4cCI6MTczOTY4NTcwOSwiaWF0IjoxNzA4MTQ5NzA5LCJqdGkiOiIxOGJkNzQ2NmRjZWQ0MmE3YjMwNmJmZWU2ZmZhMDQzNiIsInVzZXJfaWQiOjJ9.UOU8IKBalDGj9wKaT-4gedTLSNGBB_WMk_sgTo9IUIU"}}]